{
  "dT_max": {
    "folds": 25,
    "MAE": 1.1319284359358055,
    "MAE_std": 1.3950249704217683,
    "RMSE": 1.260145356093705,
    "interval_coverage": 0.8342857142857143,
    "interval_width": 3.7464180850982665
  },
  "dT_mean": {
    "folds": 25,
    "MAE": 0.29233017896325825,
    "MAE_std": 0.32628661206445014,
    "RMSE": 0.3279583052005217,
    "interval_coverage": 0.8565079365079364,
    "interval_width": 1.2039096117019654
  },
  "dVPD": {
    "folds": 25,
    "MAE": 0.08495150214431847,
    "MAE_std": 0.08198685416796007,
    "RMSE": 0.11341370624391459,
    "interval_coverage": 0.8342857142857142,
    "interval_width": 0.2604499125480652
  }
}