{
  "dT_max": {
    "folds": 25,
    "MAE": 1.1203837180673475,
    "MAE_std": 1.5013649022236473,
    "RMSE": 1.245681954804561,
    "interval_coverage": 0.8431746031746034,
    "interval_width": 3.696875185966492
  },
  "dT_mean": {
    "folds": 25,
    "MAE": 0.27741602043303076,
    "MAE_std": 0.3459082261119806,
    "RMSE": 0.3162633094942388,
    "interval_coverage": 0.8031746031746032,
    "interval_width": 1.1222547006607055
  },
  "dVPD": {
    "folds": 25,
    "MAE": 0.08495220086817135,
    "MAE_std": 0.08244108209243838,
    "RMSE": 0.11446968614883887,
    "interval_coverage": 0.812063492063492,
    "interval_width": 0.25155048549175263
  }
}