{
  "dT_max": {
    "folds": 25,
    "MAE": 1.1264666366773939,
    "MAE_std": 1.4315252796573041,
    "RMSE": 1.2607971878730482,
    "interval_coverage": 0.8298412698412698,
    "interval_width": 3.8206795930862425
  },
  "dT_mean": {
    "folds": 25,
    "MAE": 0.29414979517709355,
    "MAE_std": 0.3159432128574512,
    "RMSE": 0.33258002259954544,
    "interval_coverage": 0.8342857142857143,
    "interval_width": 1.184841468334198
  },
  "dVPD": {
    "folds": 25,
    "MAE": 0.08443483341386672,
    "MAE_std": 0.08267132364936167,
    "RMSE": 0.11370457406575801,
    "interval_coverage": 0.8165079365079364,
    "interval_width": 0.25752610981464386
  }
}