{
  "dT_max": {
    "folds": 25,
    "MAE": 0.7208031616740571,
    "MAE_std": 0.3685880370645283,
    "RMSE": 0.8381090058606203,
    "interval_coverage": 0.8009999999999999,
    "interval_width": 2.5714423656463623
  },
  "dT_mean": {
    "folds": 25,
    "MAE": 0.38698369409855327,
    "MAE_std": 0.1822448355434792,
    "RMSE": 0.461977971692949,
    "interval_coverage": 0.8320000000000001,
    "interval_width": 1.3594082880020142
  },
  "dVPD": {
    "folds": 25,
    "MAE": 0.15423003569851523,
    "MAE_std": 0.026877572020309864,
    "RMSE": 0.19659784254744078,
    "interval_coverage": 0.8009999999999999,
    "interval_width": 0.5122342813014984
  }
}