{
  "dT_max": {
    "pure_xgb": {
      "folds": 596,
      "MAE": 1.0959137215315375,
      "MAE_std": 1.0996533539445126,
      "MAE_p10": 0.15771050050523822,
      "MAE_p50": 0.7528912630741282,
      "MAE_p90": 2.5234018233163464,
      "RMSE": 1.155808351255661,
      "interval_coverage": 0.8212474396408961,
      "interval_width": 3.642809790452855,
      "baseline_MAE": 2.1109626496592666,
      "skill_vs_baseline": 0.48084646513834317,
      "R2_oos": -48.76631981279446,
      "seconds": 385.9,
      "scope": "all sites"
    }
  },
  "dT_mean": {
    "pure_xgb": {
      "folds": 596,
      "MAE": 0.4130768203922823,
      "MAE_std": 0.4034307161777209,
      "MAE_p10": 0.06869288464219162,
      "MAE_p50": 0.2809490383201201,
      "MAE_p90": 0.9125302108015614,
      "RMSE": 0.44138479268443787,
      "interval_coverage": 0.7609740033415989,
      "interval_width": 1.1682127476638595,
      "baseline_MAE": 0.8051374951329827,
      "skill_vs_baseline": 0.4869487225606661,
      "R2_oos": -59.30423566628876,
      "seconds": 375.8,
      "scope": "all sites"
    }
  },
  "dVPD": {
    "pure_xgb": {
      "folds": 596,
      "MAE": 0.14571845979909226,
      "MAE_std": 0.16886882862925254,
      "MAE_p10": 0.016567517196023333,
      "MAE_p50": 0.08379148715441422,
      "MAE_p90": 0.33141837122144613,
      "RMSE": 0.1557799275730981,
      "interval_coverage": 0.7745809145584824,
      "interval_width": 0.43993014499745114,
      "baseline_MAE": 0.3299753578367875,
      "skill_vs_baseline": 0.5583959337013051,
      "R2_oos": -1111.6243315485326,
      "seconds": 378.7,
      "scope": "all sites"
    }
  }
}