{
  "dT_max": {
    "pure_xgb": {
      "folds": 80,
      "MAE": 1.4042251879240184,
      "MAE_std": 1.5052288302413077,
      "MAE_p10": 0.17290164125230365,
      "MAE_p50": 0.8774126462936402,
      "MAE_p90": 3.3458024093203846,
      "RMSE": 1.512066841476172,
      "interval_coverage": 0.7732142857142857,
      "interval_width": 3.632363051176071,
      "baseline_MAE": 1.7327637745135078,
      "skill_vs_baseline": 0.18960379448244769,
      "R2_oos": -0.019215807544535713,
      "seconds": 58.1,
      "scope": "80-site sample"
    },
    "hybrid": {
      "folds": 80,
      "MAE": 1.4222711301280249,
      "MAE_std": 1.5127829275757605,
      "MAE_p10": 0.17054768757175928,
      "MAE_p50": 0.8891139733323099,
      "MAE_p90": 3.40967816505269,
      "RMSE": 1.531914917125146,
      "interval_coverage": 0.7496031746031746,
      "interval_width": 3.6093642759914273,
      "baseline_MAE": 1.7327637745135078,
      "skill_vs_baseline": 0.17918925184862955,
      "R2_oos": -0.050424619446681175,
      "seconds": 58.5,
      "scope": "80-site sample"
    }
  },
  "dT_mean": {
    "pure_xgb": {
      "folds": 80,
      "MAE": 0.32851851362061435,
      "MAE_std": 0.29845381698579215,
      "MAE_p10": 0.07542069470087812,
      "MAE_p50": 0.2384989317787968,
      "MAE_p90": 0.5957273099808282,
      "RMSE": 0.36107278756955175,
      "interval_coverage": 0.7537698412698413,
      "interval_width": 0.9794978372752666,
      "baseline_MAE": 0.45119665879353466,
      "skill_vs_baseline": 0.27189506567037147,
      "R2_oos": 0.23262392334452323,
      "seconds": 57.6,
      "scope": "80-site sample"
    },
    "hybrid": {
      "folds": 80,
      "MAE": 0.3246851753654073,
      "MAE_std": 0.2953402239442112,
      "MAE_p10": 0.07716704292320356,
      "MAE_p50": 0.24041497419288116,
      "MAE_p90": 0.6042110943436146,
      "RMSE": 0.3582697992377536,
      "interval_coverage": 0.7871031746031746,
      "interval_width": 1.0098383132782307,
      "baseline_MAE": 0.45119665879353466,
      "skill_vs_baseline": 0.28039100237667847,
      "R2_oos": 0.23779753338769644,
      "seconds": 59.2,
      "scope": "80-site sample"
    }
  },
  "dVPD": {
    "pure_xgb": {
      "folds": 80,
      "MAE": 0.0852968485159437,
      "MAE_std": 0.06954558595855632,
      "MAE_p10": 0.018566679355891725,
      "MAE_p50": 0.06474597690972553,
      "MAE_p90": 0.16363246749855373,
      "RMSE": 0.10462264881684895,
      "interval_coverage": 0.7551587301587303,
      "interval_width": 0.2385114373639226,
      "baseline_MAE": 0.12654118479720164,
      "skill_vs_baseline": 0.32593606854050905,
      "R2_oos": 0.03831647678780998,
      "seconds": 58.9,
      "scope": "80-site sample"
    },
    "hybrid": {
      "folds": 80,
      "MAE": 0.08503221500580542,
      "MAE_std": 0.07051212136713168,
      "MAE_p10": 0.02005575517981413,
      "MAE_p50": 0.06279254190915054,
      "MAE_p90": 0.16080998609007002,
      "RMSE": 0.10444704217122344,
      "interval_coverage": 0.7523809523809524,
      "interval_width": 0.23420048278630973,
      "baseline_MAE": 0.12654118479720164,
      "skill_vs_baseline": 0.32802735218513746,
      "R2_oos": 0.05484343439815988,
      "seconds": 59.3,
      "scope": "80-site sample"
    }
  }
}